Country,1999,2000,2001,2002,2003,2004,2005,2006,2007,2008,2009,2010,2011,2012,2013,2014,2015,2016,2017,2018,2019,2020,2021,2022,2023,2024,2025
Algeria,,,,,,,,,,,,,,,,,0,0,0,97000,593000,930000,1535000,1355000,1642000,1585000,1700000
Argentina,218000,320000,251000,383000,537000,692000,584000,1986000,2954000,1241000,1000,13000,0,2000,1000,2000,676000,1674000,4703000,6408000,4882000,4816000,3839000,9059000,7787000,6324000,7700000
Australia,18000,0,18000,65000,9000,1000,1000,11000,1000,1000,1000,1000,1000,1000,1000,1000,1000,1000,1000,5000,4000,2000,2000,2000,1000,2000,2000
Bangladesh,,,10000,1000,60000,131000,126000,195000,131000,185000,104000,50000,256000,398000,572000,696000,1128000,813000,1179000,1733000,2551000,2255000,2540000,1196000,2020000,1826000,2400000
Barbados,25000,19000,17000,23000,23000,25000,19000,18000,27000,25000,22000,15000,26000,17000,22000,28000,26000,27000,32000,28000,24000,19000,24000,3000,14000,15000,15000
Belarus,,,,,,,,,,,,,,,,,55000,112000,343000,439000,549000,387000,342000,450000,510000,550000,600000
Benin,,,,,,,,,,,,,,,,0,0,0,0,0,0,0,0,2000,0,0,0
Bolivia,170000,191000,246000,220000,150000,157000,209000,228000,64000,8000,5000,11000,10000,10000,7000,11000,8000,10000,3000,4000,6000,5000,4000,4000,2000,5000,5000
Bosnia and Herzegovina,0,0,1000,2000,16000,10000,21000,10000,8000,21000,27000,53000,22000,16000,19000,33000,25000,19000,26000,18000,12000,8000,11000,2000,13000,10000,10000
Brazil,674000,733000,1112000,1321000,328000,475000,63000,53000,150000,44000,174000,37000,128000,395000,605000,305000,410000,252000,175000,140000,549000,1015000,539000,154000,867000,731000,500000
Canada,455000,431000,982000,651000,613000,386000,349000,234000,309000,387000,375000,250000,230000,270000,340000,337000,286000,486000,488000,1172000,263000,516000,541000,500000,335000,249000,360000
Chile,67000,101000,145000,116000,188000,183000,190000,178000,178000,27000,31000,156000,29000,50000,77000,99000,111000,96000,122000,96000,96000,99000,78000,67000,71000,91000,100000
China,10100000,13245000,10385000,21417000,16933000,25802000,28317000,28726000,37816000,41098000,50338000,52339000,59231000,59865000,70364000,78350000,83230000,93495000,94093000,82537000,98532000,99740000,90297000,104500000,112000000,108000000,112000000
Colombia,288000,387000,559000,515000,460000,329000,372000,338000,265000,290000,348000,308000,258000,328000,436000,552000,544000,561000,599000,619000,542000,443000,526000,444000,447000,561000,530000
Costa Rica,223000,214000,253000,219000,212000,193000,195000,208000,230000,218000,244000,227000,259000,251000,225000,265000,285000,316000,296000,274000,247000,272000,264000,266000,256000,281000,280000
Cuba,10000,18000,104000,108000,160000,160000,96000,162000,118000,141000,126000,132000,134000,125000,126000,55000,99000,120000,119000,106000,94000,24000,16000,7000,13000,15000,15000
Ecuador,0,0,12000,0,0,0,0,0,0,0,0,0,0,0,0,0,0,0,0,0,0,0,0,30000,0,0,6000
Egypt,230000,277000,446000,270000,243000,762000,776000,1328000,1061000,1575000,1638000,1644000,1661000,1725000,1694000,1947000,1575000,2114000,3255000,3600000,4882000,3607000,4566000,1993000,3321000,4798000,4900000
Ethiopia,,,,,,1000,0,0,0,0,0,0,0,0,0,0,0,0,1000,0,0,0,0,0,0,0,0
European Union,14122000,17675000,18783000,17023000,14751000,14591000,14014000,15181000,15139000,13213000,12683000,12472000,12070000,12538000,13293000,13914000,15120000,13487000,14661000,15010000,15774000,15453000,15416000,14037000,14442000,15789000,14950000
Ghana,,,,,,,,,,,,0,0,0,0,0,0,0,16000,6000,0,0,0,1000,2000,0,0
Guatemala,1000,13000,5000,10000,4000,9000,21000,3000,1000,0,0,14000,14000,15000,26000,21000,15000,12000,0,0,4000,6000,0,0,0,0,0
India,0,0,0,0,0,0,0,0,0,0,0,0,1000,0,4000,11000,53000,79000,166000,204000,520000,548000,555000,702000,634000,4000,400000
Indonesia,1153000,1127000,1414000,1238000,1059000,1112000,1187000,1309000,1147000,1393000,1620000,1898000,1922000,1795000,2241000,2006000,2274000,2649000,2484000,2623000,2636000,2617000,2307000,2308000,2567000,2439000,2750000
Iran,400000,596000,400000,533000,883000,976000,401000,1262000,1141000,853000,1013000,930000,182000,127000,260000,1384000,1864000,1914000,2559000,2360000,1547000,2777000,1817000,2803000,2554000,2693000,2750000
Iraq,,,,,,,,,,,,,,,,,0,0,0,0,0,0,0,760000,264000,1301000,1300000
Israel,590000,600000,735000,500000,494000,543000,310000,450000,460000,325000,321000,384000,268000,313000,336000,369000,392000,376000,438000,397000,387000,229000,316000,297000,285000,266000,320000
Japan,4907000,4767000,5023000,5087000,4688000,4295000,3962000,4094000,4014000,3396000,3401000,2917000,2758000,2830000,2894000,3004000,3186000,3175000,3256000,3314000,3325000,3085000,3455000,3332000,3099000,3243000,3100000
Kazakhstan,,,,,,,0,47000,0,5000,0,0,1000,6000,0,9000,4000,10000,3000,21000,28000,39000,33000,38000,77000,55000,70000
Lebanon,,,,,,,,,,,,,,,,110000,188000,183000,287000,302000,226000,61000,112000,136000,135000,220000,200000
Malaysia,440000,609000,725000,544000,636000,648000,519000,506000,517000,530000,584000,614000,609000,574000,554000,643000,885000,768000,690000,747000,795000,743000,694000,684000,683000,727000,775000
Mexico,4039000,4381000,4510000,4230000,3797000,3640000,3667000,3844000,3614000,3327000,3523000,3498000,3606000,3409000,3842000,3819000,4126000,4479000,5134000,5933000,5667000,6088000,6397000,6451000,6456000,6434000,6700000
Morocco,180000,222000,241000,359000,438000,499000,424000,444000,409000,386000,187000,95000,76000,73000,134000,128000,100000,67000,27000,28000,101000,27000,53000,36000,28000,34000,50000
Myanmar,0,0,0,0,0,0,0,0,0,0,0,0,0,0,0,0,0,16000,19000,34000,38000,20000,15000,15000,8000,4000,10000
Nicaragua,0,1000,2000,3000,0,0,0,0,0,0,0,0,0,0,0,1000,2000,2000,2000,2000,2000,0,7000,0,0,0,0
Nigeria,0,8000,8000,10000,10000,5000,20000,3000,15000,0,0,4000,5000,0,23000,147000,12000,0,42000,51000,52000,1000,0,0,0,193000,1000
North Korea,58000,2000,90000,43000,248000,44000,43000,42000,31000,45000,24000,27000,21000,15000,2000,9000,5000,3000,2000,2000,0,0,6000,5000,5000,5000,5000
Norway,414000,389000,407000,465000,370000,388000,402000,415000,405000,407000,409000,420000,398000,419000,388000,422000,417000,433000,391000,404000,412000,462000,308000,363000,345000,400000,425000
Pakistan,50000,162000,301000,87000,79000,0,12000,42000,0,0,0,10000,0,0,11000,538000,1251000,1669000,2381000,1726000,2438000,2607000,1780000,412000,984000,1971000,2500000
Panama,2000,2000,2000,13000,6000,6000,5000,5000,1000,4000,7000,5000,3000,11000,18000,30000,35000,37000,39000,39000,33000,28000,33000,36000,37000,45000,50000
Paraguay,0,8000,8000,10000,15000,34000,10000,15000,15000,22000,20000,21000,19000,27000,7000,7000,6000,12000,6000,13000,10000,18000,40000,10000,6000,5000,20000
Peru,28000,62000,74000,105000,21000,24000,37000,49000,105000,92000,100000,79000,93000,162000,266000,334000,263000,320000,310000,378000,300000,272000,292000,228000,222000,250000,275000
Philippines,360000,365000,347000,248000,239000,230000,121000,107000,70000,67000,84000,85000,51000,56000,122000,118000,268000,248000,193000,149000,157000,171000,178000,139000,151000,160000,175000
Russia,65000,22000,64000,15000,1000,40000,2000,34000,442000,837000,1037000,1000000,741000,717000,2048000,1986000,2336000,2221000,2237000,2162000,2047000,2042000,1850000,1644000,1303000,1000000,600000
Saudi Arabia,,,,,,,1000,6000,67000,216000,362000,502000,564000,598000,671000,696000,711000,596000,536000,562000,805000,776000,789000,504000,361000,147000,350000
"Serbia, Montenegro, and Kosovo",0,5000,0,10000,3000,0,9000,10000,1000,36000,46000,10000,7000,49000,12000,31000,87000,14000,92000,1000,0,4000,72000,152000,106000,259000,350000
Singapore,20000,24000,21000,20000,23000,22000,21000,19000,20000,19000,20000,19000,19000,20000,20000,23000,22000,20000,21000,21000,21000,22000,23000,22000,21000,20000,20000
South Africa,71000,26000,27000,19000,28000,6000,24000,114000,2000,4000,1000,1000,1000,6000,102000,129000,274000,28000,8000,9000,119000,12000,5000,4000,159000,30000,50000
South Korea,1606000,1389000,1434000,1516000,1368000,1240000,1190000,1231000,1232000,1167000,1197000,1239000,1139000,1115000,1271000,1246000,1249000,1286000,1256000,1373000,1291000,1336000,1268000,1337000,1118000,1128000,1160000
Switzerland,100000,62000,60000,43000,46000,52000,39000,40000,37000,24000,24000,23000,20000,18000,14000,15000,11000,15000,14000,13000,10000,14000,14000,11000,10000,12000,12000
Syria,40000,171000,134000,92000,181000,198000,313000,383000,360000,560000,540000,305000,78000,70000,29000,54000,17000,4000,3000,4000,2000,3000,1000,1000,1000,1000,1000
Taiwan,2408000,2330000,2578000,2351000,2218000,2256000,2498000,2436000,2148000,2216000,2469000,2454000,2285000,2286000,2335000,2520000,2476000,2566000,2666000,2614000,2708000,2615000,2622000,2559000,2577000,2768000,2950000
Thailand,1192000,1286000,1550000,1779000,1407000,1517000,1473000,1532000,1753000,1510000,1660000,2139000,1907000,1867000,1798000,2411000,2798000,3078000,2482000,3155000,3831000,4157000,3243000,3238000,3428000,4190000,4200000
Trinidad and Tobago,71000,85000,94000,80000,68000,67000,0,0,0,0,0,0,0,0,0,0,0,0,0,0,0,1000,4000,8000,9000,10000,10000
Tunisia,,,,,,,0,37000,19000,166000,313000,419000,451000,479000,444000,489000,546000,471000,683000,513000,610000,535000,533000,574000,550000,507000,580000
Turkey,313000,382000,541000,742000,600000,1112000,889000,1217000,1339000,1076000,1648000,1351000,1057000,1244000,1750000,2256000,2376000,2273000,2872000,2411000,3148000,2745000,2949000,2888000,3252000,4183000,4000000
Uganda,0,0,0,0,0,0,0,0,0,0,0,0,0,0,0,0,0,0,0,0,0,0,0,0,0,0,0
Ukraine,0,10000,13000,1000,0,0,2000,0,1000,0,1000,2000,1000,2000,3000,4000,5000,7000,8000,3000,24000,2000,1000,2000,1000,1000,2000
United Arab Emirates,57000,,1000,159000,211000,460000,288000,668000,314000,107000,0,2000,153000,210000,134000,48000,35000,17000,47000,6000,10000,58000,48000,64000,130000,100000,75000
United States of America,114000,97000,63000,127000,151000,152000,92000,246000,269000,361000,397000,393000,439000,1103000,1953000,904000,641000,606000,594000,383000,419000,539000,433000,667000,567000,789000,544000
Uruguay,0,0,0,0,0,0,0,0,22000,24000,46000,19000,15000,16000,15000,6000,26000,3000,19000,1000,16000,69000,16000,26000,9000,10000,10000
Uzbekistan,33000,54000,65000,70000,1000,10000,3000,17000,5000,8000,8000,27000,3000,4000,9000,8000,7000,9000,10000,18000,20000,21000,30000,26000,31000,40000,45000
Venezuela,155000,185000,69000,4000,19000,10000,53000,2000,22000,34000,102000,197000,146000,213000,200000,118000,121000,62000,261000,7000,45000,67000,58000,69000,138000,120000,130000
Vietnam,50000,32000,27000,34000,39000,6000,46000,74000,120000,184000,231000,932000,1290000,1291000,1564000,1707000,1362000,1646000,1806000,1644000,1903000,1951000,1839000,1858000,2265000,2675000,2900000
Zambia,0,0,0,1000,0,0,0,0,0,0,0,0,0,0,0,0,0,0,0,0,1000,1000,1000,1000,1000,1000,1000
Zimbabwe,5000,4000,0,3000,3000,65000,1000,0,4000,0,0,0,0,0,0,0,19000,45000,9000,4000,10000,36000,26000,27000,98000,100000,100000
