State,Title I 2018,Title I 2019,Title I 2020,Title I 2021,Title I 2022,Title I Total,Title II 2018,Title II 2019,Title II 2020,Title II 2021,Title II 2022,Title II Total,Crop Insurance 2018,Crop Insurance 2019,Crop Insurance 2020,Crop Insurance 2021,Crop Insurance 2022,Crop Insurance Total,SNAP 2018,SNAP 2019,SNAP 2020,SNAP 2021,SNAP 2022,SNAP Total,2018 All Programs Total,2019 All Programs Total,2020 All Programs Total,2021 All Programs Total,2022 All Programs Total,18-22 All Programs Total
AK,145776.00,124161.00,108899.00,0.00,0.00,378836.00,7662394.39,6729781.45,8570223.77,9606129.47,8893772.00,41462301.08,28332677.00,38519352.00,53144531.00,18255214.00,42701308.00,180953082.00,187357117.00,171091672.00,198298992.00,288045258.00,348717900.00,1193510939.00,223497964.39,216464966.45,260122645.77,315906601.47,400312980.00,1416305158.08
AL,56548763.13,105364012.84,66207657.27,20372228.77,440010.11,248932672.12,34646573.12,36603103.91,39102035.67,51295873.43,36045724.00,197693310.13,81177.00,-7124.00,3153.00,49757.00,207079.00,334042.00,1084563290.00,1032064886.00,1359495890.00,1974053519.00,2161908716.00,7612086301.00,1175839803.25,1174024878.75,1464808735.94,2045771378.20,2198601529.11,8059046325.25
AR,360931413.26,338484665.92,199309416.32,42836119.38,77287157.24,1018848772.12,131859115.54,118339028.45,177951405.16,118448323.55,109444545.00,656042417.70,83141516.00,268258444.00,215840841.00,163250836.00,206368622.00,936860259.00,480472657.00,460333605.00,660915016.00,765794046.00,509586699.00,2877102023.00,1056404701.80,1185415743.37,1254016678.48,1090329324.93,902687023.24,5488853471.82
AZ,30447833.60,52653042.27,38065369.61,20100650.79,9202711.75,150469608.02,19383246.76,28474242.10,14971077.30,15905180.49,26562718.00,105296464.65,97585145.00,17526969.00,115000090.00,86599740.00,78992834.00,395704778.00,1210429898.00,1146712214.00,1469174725.00,2175824745.00,1912395634.00,7914537216.00,1357846123.36,1245366467.37,1637211261.91,2298430316.28,2027153897.75,8566008066.67
CA,43225623.67,107410597.60,69045981.12,157468562.73,48552231.20,425702996.32,103799088.96,102477392.40,108455835.80,105339177.94,101100819.00,521172314.10,146894336.00,208366184.00,441766006.00,358176963.00,1028756754.00,2183960243.00,6332717643.00,5977281299.00,7818586485.00,11243441465.00,14424776610.00,45796803502.00,6626636691.63,6395535473.00,8437854307.92,11864426168.67,15603186414.20,48927639055.42
CO,79388597.43,102232676.13,85755323.35,54358595.66,30770496.51,352505689.08,121791591.62,124984100.18,135771048.08,105710249.49,99317843.00,587574832.37,78904815.00,28250987.00,190814921.00,92794959.00,349830182.00,740595864.00,668610833.00,639000457.00,912978201.00,1304761706.00,1473934886.00,4999286083.00,948695837.05,894468220.31,1325319493.43,1557625510.15,1953853407.51,6679962468.45
CT,1173316.00,1122186.35,444303.93,3933226.63,321227.66,6994260.57,4514597.23,7654847.05,6477526.95,6952657.96,8719287.00,34318916.19,-336400.00,-2187590.00,1280670.00,17011330.00,-1249892.00,14518118.00,614967955.00,584718600.00,721754999.00,980157323.00,1115512850.00,4017111727.00,620319468.23,591308043.40,729957499.88,1008054537.59,1123303472.66,4072943021.76
DC,0.00,0.00,0.00,0.00,0.00,0.00,0.00,0.00,0.00,0.00,0.00,0.00,0.00,0.00,0.00,0.00,0.00,0.00,188433398.00,172078913.00,225271943.00,381121744.00,444360725.00,1411266723.00,188433398.00,172078913.00,225271943.00,381121744.00,444360725.00,1411266723.00
DE,6986125.99,5280977.26,1151917.61,807294.64,49238.29,14275553.79,12355593.12,10552305.74,12526267.87,9304793.54,8504645.00,53243605.27,4186243.00,-212227.00,-1149830.00,-2588083.00,-239564.00,-3461.00,196899033.00,178138585.00,215100949.00,288020710.00,323485761.00,1201645038.00,220426995.11,193759641.00,227629304.48,295544715.18,331800080.29,1269160736.06
FL,34008845.57,51388482.89,41021563.16,18294133.25,658310.26,145371335.13,43297477.83,43786791.03,51364517.22,41565807.32,50446591.00,230461184.40,173330661.00,19948206.00,53114327.00,51214595.00,157833884.00,455441673.00,5763762595.00,4035386245.00,6083139792.00,7994149813.00,4975285574.00,28851724019.00,6014399579.40,4150509724.92,6228640199.38,8105224348.57,5184224359.26,29682998211.53
GA,194125508.14,297560364.15,223759913.30,85204147.01,632526.05,801282458.65,86883083.39,103599873.18,117782581.38,94303854.38,76005164.00,478574556.33,316875788.00,143659393.00,77251159.00,72662830.00,79044062.00,689493232.00,2336788286.00,2115101241.00,2906208820.00,4085504054.00,4093404907.00,15537007308.00,2934672665.53,2659920871.33,3325002473.68,4337674885.39,4249086659.05,17506357554.98
HI,788484.25,3185080.00,3500933.00,3554544.00,4827749.00,15856790.25,4217775.04,4465158.16,5930194.30,7180790.49,5886619.00,27680536.99,828234.00,1758344.00,1815815.00,1303360.00,1917950.00,7623703.00,469433045.00,448431408.00,563931492.00,944131080.00,900720734.00,3326647759.00,475267538.29,457839990.16,575178434.30,956169774.49,913353052.00,3377808789.24
IA,61468466.25,316338668.71,28801962.30,53565314.21,10658969.86,470833381.33,452841159.34,456736931.89,450899751.30,445951846.92,459825467.00,2266255156.45,37688433.00,-14419216.00,338504743.00,-373441937.00,-339872906.00,-351540883.00,446259982.00,429315218.00,545552128.00,727003312.00,596714651.00,2744845291.00,998258040.59,1187971602.60,1363758584.60,853078536.13,727326181.86,5130392945.78
ID,42241103.96,138506718.72,73630153.06,52516874.91,15458790.14,322353640.79,50890547.43,57413500.27,55361980.44,45732207.17,46238514.00,255636749.31,-632375.00,13334457.00,12247716.00,138054309.00,63201426.00,226205533.00,199514037.00,192918233.00,241192232.00,258375969.00,220405707.00,1112406178.00,292013313.39,402172908.99,382432081.50,494679360.08,345304437.14,1916602101.10
IL,19403776.10,417898299.28,21716003.53,26458720.15,2016903.06,487493702.12,217139869.27,218185670.46,228249489.69,211163697.16,217422964.00,1092161690.58,-172839856.00,406832441.00,-92087272.00,-284636813.00,-392384735.00,-535116235.00,2777948512.00,2646035880.00,3381674266.00,5104129949.00,5678772072.00,19588560679.00,2841652301.37,3688952290.74,3539552487.22,5057115553.31,5505827204.06,20633099836.70
IN,10132461.00,220615484.05,12446862.14,16734174.74,1138462.75,261067444.68,78929342.70,81002413.35,83459070.21,76246859.97,73270843.00,392908529.23,-75779350.00,285732275.00,-78886138.00,-156246760.00,-203934644.00,-229114617.00,867533147.00,819644875.00,1091236875.00,1619482719.00,1523624552.00,5921522168.00,880815600.70,1406995047.40,1108256669.35,1556216993.71,1394099213.75,6346383524.91
KS,287090667.09,478777085.83,159026136.37,16538746.51,96650953.45,1038083589.25,161705972.31,150521098.36,161255160.61,127790618.46,115524415.00,716797264.74,113274324.00,34308457.00,11999887.00,-39981435.00,1608237735.00,1727838968.00,293539988.00,265322548.00,336631296.00,488517358.00,558884067.00,1942895257.00,855610951.40,928929189.19,668912479.98,592865287.97,2379297170.45,5425615078.99
KY,14863410.17,58200694.12,12080080.22,11828220.96,2967646.05,99940051.52,70207732.39,60264264.02,72382564.51,66800200.48,67714279.00,337369040.40,60441792.00,86670646.00,47970682.00,2478355.00,66356669.00,263918144.00,853986982.00,739297747.00,997788980.00,1610391177.00,1265479724.00,5466944610.00,999499916.56,944433351.14,1130222306.73,1691497953.44,1402518318.05,6168171845.92
LA,148335538.08,160408670.14,87352188.37,21754721.32,19802260.10,437653378.01,93320560.43,88015065.85,107513674.83,86714541.98,84893107.00,460456950.09,60940970.00,106699553.00,95771736.00,87603734.00,92429876.00,443445869.00,1297321641.00,1214657938.00,1576364622.00,2462801412.00,2388597365.00,8939742978.00,1599918709.51,1569781226.99,1867002221.20,2658874409.30,2585722608.10,10281299175.10
MA,1338932.00,2913550.01,2500005.11,5318659.90,562836.12,12633983.14,7254977.03,7570153.64,6254531.81,5915140.42,8532686.00,35527488.90,208376.00,378166.00,1493961.00,8667498.00,439455.00,11187456.00,1159118509.00,1131148466.00,1472070728.00,2350041332.00,3135942192.00,9248321227.00,1167920794.03,1142010335.65,1482319225.92,2369942630.32,3145477169.12,9307670155.04
MD,12912410.39,18309199.71,5959600.87,11425164.32,862882.47,49469257.76,22459428.35,21503811.05,22844136.48,23444355.96,25930224.00,116181955.84,9909502.00,1349989.00,573994.00,-5727587.00,-4091661.00,2014237.00,910098604.00,878649666.00,1270867930.00,2146479444.00,2117227174.00,7323322818.00,955379944.74,919812665.76,1300245661.35,2175621377.28,2139928619.47,7490988268.60
ME,2296230.05,2199741.50,1723499.53,7824988.87,428892.12,14473352.07,11171784.43,10165404.92,11163141.24,10539894.64,14317821.00,57358046.23,1774180.00,5976037.00,5847439.00,2008237.00,-1462812.00,14143081.00,218217647.00,203630527.00,277026746.00,409896690.00,475481103.00,1584252713.00,233459841.48,221971710.42,295760825.77,430269810.51,488765004.12,1670227192.30
MI,30249709.91,108922681.25,20465723.44,57448708.41,3728932.22,220815755.23,42326589.15,44031183.54,49588118.46,35825726.15,37467768.00,209239385.30,35468175.00,244091457.00,24857240.00,-2757818.00,-13282247.00,288376807.00,1894038446.00,1701430344.00,2296880243.00,3246391707.00,3941434011.00,13080174751.00,2002082920.06,2098475665.79,2391791324.90,3336908323.56,3969348464.22,13798606698.53
MN,88549562.13,418722469.50,69987795.00,134044340.22,8395071.40,719699238.25,226624477.22,226513644.26,231724112.15,211834908.07,210040377.00,1106737518.70,144461927.00,584065946.00,6958342.00,203833854.00,-61663672.00,877656397.00,544420005.00,509464759.00,959125365.00,1985655426.00,1694725549.00,5693391104.00,1004055971.35,1738766818.76,1267795614.15,2535368528.29,1851497325.40,8397484257.95
MO,233251570.12,204790799.84,83927204.22,21770550.48,120264639.26,664004763.92,158546890.07,166175056.01,171270291.40,162778913.94,149945776.00,808716927.42,133185265.00,320006822.00,35022115.00,67080163.00,91282444.00,646576809.00,1061334229.00,996212141.00,1324976208.00,1734889161.00,1298301743.00,6415713482.00,1586317954.19,1687184818.85,1615195818.62,1986518788.42,1659794602.26,8535011982.34
MS,113332378.22,188715991.77,94490482.76,12375124.55,3570701.03,412484678.33,186188897.97,121510215.04,204823223.06,165753118.85,125216961.00,803492415.92,49760197.00,175842348.00,110233309.00,84173495.00,72998422.00,493007771.00,679722657.00,605780127.00,772290269.00,1066435430.00,851232937.00,3975461420.00,1029004130.19,1091848681.81,1181837283.82,1328737168.40,1053019021.03,5684446285.25
MT,97760782.85,194135442.34,113196292.88,116785949.55,67132833.60,589011301.22,92907108.53,101189060.70,112681306.43,80526963.88,77901609.00,465206048.54,46825592.00,52718588.00,-4545023.00,433267005.00,260953096.00,789219258.00,158389738.00,146944184.00,192530803.00,228795841.00,155175590.00,881836156.00,395883221.38,494987275.04,413863379.31,859375759.43,561163128.60,2725272763.76
NC,78719985.96,128558763.55,64806580.80,20031603.13,1390103.75,293507037.19,27464035.57,30981867.63,35908456.47,27931171.31,40443161.00,162728691.98,289813189.00,179949561.00,255892861.00,71358528.00,85429740.00,882443879.00,1919051873.00,1863656810.00,2391518239.00,3994650815.00,4737610255.00,14906487992.00,2315049083.53,2203147002.18,2748126137.27,4113972117.44,4864873259.75,16245167600.17
ND,161635522.78,479464128.25,200440134.70,127670669.33,6207069.93,975417524.99,150726581.37,147061438.60,147236551.15,124516043.69,122797229.00,692337843.81,53518746.00,665066491.00,757579320.00,1451560385.00,545585464.00,3473310406.00,75391175.00,68485818.00,84360845.00,113160074.00,90503186.00,431901098.00,441272025.15,1360077875.85,1189616850.85,1816907172.02,765092948.93,5572966872.80
NE,45844748.35,279681337.47,50604778.87,28713884.00,113983621.76,518828370.45,155885405.99,146638048.48,167357408.62,134291797.56,127948350.00,732121010.65,-43334050.00,31528882.00,2336608.00,-109790378.00,1001386242.00,882127304.00,229206174.00,221960791.00,254347798.00,356554249.00,265904110.00,1327973122.00,387602278.34,679809058.95,474646593.49,409769552.56,1509222323.76,3461049807.10
NH,1002783.00,954347.75,429666.99,3777372.58,249882.45,6414052.77,9228373.43,8062680.36,7820904.42,8721562.81,7762337.00,41595858.02,124453.00,80352.00,100546.00,62539.00,26496.00,394386.00,101469828.00,92889191.00,116852942.00,174557213.00,200380711.00,686149885.00,111825437.43,101986571.11,125204059.41,187118687.39,208419426.45,734554181.79
NJ,1910369.78,2422435.57,942257.21,1537807.72,118025.70,6930895.98,8974503.66,5375508.19,5735551.73,5997792.73,3859367.00,29942723.31,8091237.00,4414786.00,716250.00,-594988.00,18278925.00,30906210.00,1012654300.00,953558696.00,1288738288.00,2169432714.00,2576443628.00,8000827626.00,1031630410.44,965771425.76,1296132346.94,2176373326.45,2598699945.70,8068607455.29
NM,39206996.60,33928161.12,44625264.79,46950945.72,36780303.81,201491672.04,58362315.81,45084682.88,49777618.13,42228949.78,35512484.00,230966050.60,40373071.00,27027809.00,103601714.00,86860820.00,162151651.00,420015065.00,638421821.00,632907856.00,903755521.00,1339883626.00,1486850924.00,5001819748.00,776364204.41,738948509.00,1101760117.92,1515924341.50,1721295362.81,5854292535.64
NV,2813897.96,3352865.75,13816264.66,16486695.94,14084024.94,50553749.25,9596397.74,10760082.40,5036925.14,5456930.49,3769147.00,34619482.77,20273988.00,17615768.00,115327963.00,65600342.00,138886668.00,357704729.00,614241940.00,587953503.00,806791228.00,1085383815.00,1281156203.00,4375526689.00,646926223.70,619682219.15,940972380.80,1172927783.43,1437896042.94,4818404650.02
NY,27189908.02,41041568.71,14366444.03,115824435.97,7299352.38,205721709.11,20770959.03,20171912.12,19788459.64,20418146.79,16680945.00,97830422.58,6828831.00,60854656.00,16534133.00,11238866.00,16624989.00,112081475.00,4526970965.00,4339617966.00,5118950034.00,7311543597.00,8699495581.00,29996578143.00,4581760663.05,4461686102.83,5169639070.67,7459025045.76,8740100867.38,30412211749.69
OH,17902112.66,169213313.35,24154135.14,48097803.38,3459533.74,262826898.27,72837056.76,76315490.40,80231768.78,75895277.91,77388268.00,382667861.85,-36570207.00,423012758.00,-10052788.00,-103477629.00,-81413819.00,191498315.00,2078237006.00,2020497444.00,3099962149.00,3865203855.00,4299141255.00,15363041709.00,2132405968.42,2689039005.75,3194295264.92,3885719307.29,4298575237.74,16200034784.12
OK,223386219.65,203483547.60,139578418.05,50495776.82,298327237.50,915271199.62,91321963.26,87427314.26,84477082.22,63329907.44,58631051.00,385187318.18,139892868.00,62805703.00,50960311.00,32203739.00,564975734.00,850838355.00,832653493.00,819546294.00,1056260544.00,1472962209.00,1802791838.00,5984214378.00,1287254543.91,1173262858.86,1331276355.27,1618991632.26,2724725860.50,8135511250.80
OR,30727539.22,56065220.76,51732790.22,53084304.42,23493089.62,215102944.24,72069862.78,83694194.65,75421494.77,63767567.86,94010809.00,388963929.06,13555155.00,18538790.00,60037948.00,122563008.00,84965729.00,299660630.00,937798988.00,884189650.00,1170543331.00,1847403478.00,2094359050.00,6934294497.00,1054151545.00,1042487855.41,1357735563.99,2086818358.28,2296828677.62,7838022000.30
PA,31393928.65,31005847.63,17844791.64,89639960.19,6662436.85,176546964.96,42449367.06,44685630.11,43184893.87,36643288.01,39232871.00,206196050.05,24787861.00,18718804.00,47587769.00,6525710.00,39017264.00,136637408.00,2592183684.00,2513696584.00,3249170462.00,5170214891.00,5017489465.00,18542755086.00,2690814840.71,2608106865.74,3357787916.51,5303023849.20,5102402036.85,19062135509.01
RI,63522.00,67020.17,143338.15,134557.39,117424.09,525861.80,2778513.72,2453247.18,4887759.79,4924587.13,3024590.00,18068697.82,94638.00,82656.00,302153.00,131638.00,210838.00,821923.00,259191919.00,244223564.00,278985653.00,378689563.00,424913309.00,1586004008.00,262128592.72,246826487.35,284318903.94,383880345.52,428266161.09,1605420490.62
SC,26303308.11,61253674.43,27546427.70,8703415.36,199957.66,124006783.26,29547354.34,28109077.36,33388818.60,31111586.11,32856329.00,155013165.41,71530522.00,70012682.00,66895372.00,-8816548.00,101996566.00,301618594.00,943922431.00,854652751.00,1101611441.00,1550266093.00,1719271318.00,6169724034.00,1071303615.45,1014028184.79,1229442059.30,1581264546.47,1854324170.66,6750362576.67
SD,78083739.88,302077611.39,52621802.91,139966391.34,64751696.96,637501242.48,205192204.66,193707504.16,201280254.52,185594183.98,173138457.00,958912604.32,97241759.00,901000945.00,324110146.00,446352686.00,684010222.00,2452715758.00,131112641.00,121995672.00,143860091.00,177819200.00,143211449.00,717999053.00,511630344.54,1518781732.55,721872294.43,949732461.32,1065111824.96,4767128657.80
TN,30499772.78,81883570.36,32300722.87,7755286.62,2317969.03,154757321.66,54579393.78,54848269.97,55790934.74,54334071.32,42936921.00,262489590.81,22681044.00,33987310.00,32695856.00,4232106.00,83557261.00,177153577.00,1424890904.00,1307248122.00,1774499562.00,3094821635.00,1800936365.00,9402396588.00,1532651114.56,1477967272.33,1895287075.61,3161143098.94,1929748516.03,9996797077.47
TX,540854801.42,738689230.98,407025202.67,184051414.31,250392541.26,2121013190.64,218111241.55,234910717.40,245926137.84,188049703.43,186537559.00,1073535359.22,1278185996.00,890369041.00,1191732947.00,698668468.00,3129776356.00,7188732808.00,5525177455.00,4767112796.00,6300171765.00,8751945285.00,9882113180.00,35226520481.00,7562329493.97,6631081785.38,8144856052.51,9822714870.74,13448819636.26,45609801838.86
UT,28463141.52,16344194.89,30659899.60,40349703.09,40329595.43,156146534.53,35122326.30,32840968.50,40610024.19,42725611.62,32138650.00,183437580.61,11447224.00,6117434.00,43216477.00,37920561.00,49107316.00,147809012.00,258536027.00,234552832.00,279594698.00,412957155.00,426939679.00,1612580391.00,333568718.82,289855429.39,394081098.79,533953030.71,548515240.43,2099973518.14
VA,24368012.01,39854982.34,27417570.43,23222069.35,1202037.66,116064671.79,30106859.33,33481952.60,29874278.83,25232763.42,28750370.00,147446224.18,24033118.00,26180404.00,43383574.00,9694087.00,1597038.00,104888221.00,1051800978.00,1002380166.00,1331022987.00,1901832165.00,2324190266.00,7611226562.00,1130308967.34,1101897504.94,1431698410.26,1959981084.77,2355739711.66,7979625678.97
VT,7205141.00,7910801.96,2169323.92,28368677.73,1986761.28,47640705.89,14031154.02,13717545.02,15612358.61,12508394.48,14971978.00,70841430.13,332498.00,2350957.00,1182102.00,852691.00,532678.00,5250926.00,106782062.00,100248674.00,117478730.00,169354925.00,205688345.00,699552736.00,128350855.02,124227977.98,136442514.53,211084688.21,223179762.28,823285798.02
WA,12987126.44,144768865.98,72754361.80,39858419.14,4404643.20,274773416.56,108602022.06,107831081.72,106599589.87,86745651.63,92938850.00,502717195.28,-7041844.00,45674553.00,50823315.00,346448322.00,90844356.00,526748702.00,1268734555.00,1192380309.00,1598425639.00,2359661930.00,2527621418.00,8946823851.00,1383281859.50,1490654809.70,1828602905.67,2832714322.77,2715809267.20,10251063164.84
WI,72852899.44,138403924.30,55531178.99,282363256.38,20006186.51,569157445.62,77544873.99,73178932.70,98851552.95,84630518.75,77054605.00,411260483.39,40878887.00,171929899.00,464118.00,-33365585.00,-68196574.00,111710745.00,816882114.00,778373061.00,1104399935.00,1964034853.00,2075620402.00,6739310365.00,1008158774.43,1161885817.00,1259246784.94,2297663043.13,2104484619.51,7831439039.01
WV,1400368.00,1465059.02,407176.91,1009963.13,115749.06,4398316.12,11525542.48,12067596.33,12735199.86,10294498.85,10349414.00,56972251.52,1034779.00,130799.00,1577602.00,1146870.00,665797.00,4555847.00,440298715.00,397899950.00,518346256.00,772297950.00,884685288.00,3013528159.00,454259404.48,411563404.35,533066234.77,784749281.98,895816248.06,3079454573.64
WY,7204461.08,13940280.93,47860369.87,48184815.43,29114972.33,146304899.64,24892009.02,28852620.37,28096915.87,22030911.78,24313755.00,128186212.04,3821813.00,10270499.00,19649798.00,17452029.00,36416202.00,87610341.00,40676283.00,36277115.00,45870674.00,73313685.00,68566524.00,264704281.00,76594566.10,89340515.30,141477757.74,160981441.21,158411453.33,626805733.68
Total,3463017591.67,6970092497.44,2895454170.39,2379598990.43,1453376648.60,17161539898.53,3974646191.33,3920722460.40,4244004206.73,3680012750.99,3592218035.00,19411603644.45,3436106920.00,6695190443.00,4841500509.00,4177934068.00,9869802804.00,29020534744.00,60722167205.00,55477097393.00,74006584807.00,108372237365.00,113621973182.00,412200059952.00,71595937908.00,73063102793.84,85987543693.12,118609783174.42,128537370669.60,477793738238.98