Title,State,Fiscal Year,Amount,Average Monthly Participation
Title I: Commodities,AK,2018,145776.00,
Title I: Commodities,AL,2018,56548763.13,
Title I: Commodities,AR,2018,360931413.26,
Title I: Commodities,AZ,2018,30447833.60,
Title I: Commodities,CA,2018,43225623.67,
Title I: Commodities,CO,2018,79388597.43,
Title I: Commodities,CT,2018,1173316.00,
Title I: Commodities,DC,2018,0.00,
Title I: Commodities,DE,2018,6986125.99,
Title I: Commodities,FL,2018,34008845.57,
Title I: Commodities,GA,2018,194125508.14,
Title I: Commodities,HI,2018,788484.25,
Title I: Commodities,IA,2018,61468466.25,
Title I: Commodities,ID,2018,42241103.96,
Title I: Commodities,IL,2018,19403776.10,
Title I: Commodities,IN,2018,10132461.00,
Title I: Commodities,KS,2018,287090667.09,
Title I: Commodities,KY,2018,14863410.17,
Title I: Commodities,LA,2018,148335538.08,
Title I: Commodities,MA,2018,1338932.00,
Title I: Commodities,MD,2018,12912410.39,
Title I: Commodities,ME,2018,2296230.05,
Title I: Commodities,MI,2018,30249709.91,
Title I: Commodities,MN,2018,88549562.13,
Title I: Commodities,MO,2018,233251570.12,
Title I: Commodities,MS,2018,113332378.22,
Title I: Commodities,MT,2018,97760782.85,
Title I: Commodities,NC,2018,78719985.96,
Title I: Commodities,ND,2018,161635522.78,
Title I: Commodities,NE,2018,45844748.35,
Title I: Commodities,NH,2018,1002783.00,
Title I: Commodities,NJ,2018,1910369.78,
Title I: Commodities,NM,2018,39206996.60,
Title I: Commodities,NV,2018,2813897.96,
Title I: Commodities,NY,2018,27189908.02,
Title I: Commodities,OH,2018,17902112.66,
Title I: Commodities,OK,2018,223386219.65,
Title I: Commodities,OR,2018,30727539.22,
Title I: Commodities,PA,2018,31393928.65,
Title I: Commodities,RI,2018,63522.00,
Title I: Commodities,SC,2018,26303308.11,
Title I: Commodities,SD,2018,78083739.88,
Title I: Commodities,TN,2018,30499772.78,
Title I: Commodities,TX,2018,540854801.42,
Title I: Commodities,UT,2018,28463141.52,
Title I: Commodities,VA,2018,24368012.01,
Title I: Commodities,VT,2018,7205141.00,
Title I: Commodities,WA,2018,12987126.44,
Title I: Commodities,WI,2018,72852899.44,
Title I: Commodities,WV,2018,1400368.00,
Title I: Commodities,WY,2018,7204461.08,
Title I: Commodities,AK,2019,124161.00,
Title I: Commodities,AL,2019,105364012.84,
Title I: Commodities,AR,2019,338484665.92,
Title I: Commodities,AZ,2019,52653042.27,
Title I: Commodities,CA,2019,107410597.60,
Title I: Commodities,CO,2019,102232676.13,
Title I: Commodities,CT,2019,1122186.35,
Title I: Commodities,DC,2019,0.00,
Title I: Commodities,DE,2019,5280977.26,
Title I: Commodities,FL,2019,51388482.89,
Title I: Commodities,GA,2019,297560364.15,
Title I: Commodities,HI,2019,3185080.00,
Title I: Commodities,IA,2019,316338668.71,
Title I: Commodities,ID,2019,138506718.72,
Title I: Commodities,IL,2019,417898299.28,
Title I: Commodities,IN,2019,220615484.05,
Title I: Commodities,KS,2019,478777085.83,
Title I: Commodities,KY,2019,58200694.12,
Title I: Commodities,LA,2019,160408670.14,
Title I: Commodities,MA,2019,2913550.01,
Title I: Commodities,MD,2019,18309199.71,
Title I: Commodities,ME,2019,2199741.50,
Title I: Commodities,MI,2019,108922681.25,
Title I: Commodities,MN,2019,418722469.50,
Title I: Commodities,MO,2019,204790799.84,
Title I: Commodities,MS,2019,188715991.77,
Title I: Commodities,MT,2019,194135442.34,
Title I: Commodities,NC,2019,128558763.55,
Title I: Commodities,ND,2019,479464128.25,
Title I: Commodities,NE,2019,279681337.47,
Title I: Commodities,NH,2019,954347.75,
Title I: Commodities,NJ,2019,2422435.57,
Title I: Commodities,NM,2019,33928161.12,
Title I: Commodities,NV,2019,3352865.75,
Title I: Commodities,NY,2019,41041568.71,
Title I: Commodities,OH,2019,169213313.35,
Title I: Commodities,OK,2019,203483547.60,
Title I: Commodities,OR,2019,56065220.76,
Title I: Commodities,PA,2019,31005847.63,
Title I: Commodities,RI,2019,67020.17,
Title I: Commodities,SC,2019,61253674.43,
Title I: Commodities,SD,2019,302077611.39,
Title I: Commodities,TN,2019,81883570.36,
Title I: Commodities,TX,2019,738689230.98,
Title I: Commodities,UT,2019,16344194.89,
Title I: Commodities,VA,2019,39854982.34,
Title I: Commodities,VT,2019,7910801.96,
Title I: Commodities,WA,2019,144768865.98,
Title I: Commodities,WI,2019,138403924.30,
Title I: Commodities,WV,2019,1465059.02,
Title I: Commodities,WY,2019,13940280.93,
Title I: Commodities,AK,2020,108899.00,
Title I: Commodities,AL,2020,66207657.27,
Title I: Commodities,AR,2020,199309416.32,
Title I: Commodities,AZ,2020,38065369.61,
Title I: Commodities,CA,2020,69045981.12,
Title I: Commodities,CO,2020,85755323.35,
Title I: Commodities,CT,2020,444303.93,
Title I: Commodities,DC,2020,0.00,
Title I: Commodities,DE,2020,1151917.61,
Title I: Commodities,FL,2020,41021563.16,
Title I: Commodities,GA,2020,223759913.30,
Title I: Commodities,HI,2020,3500933.00,
Title I: Commodities,IA,2020,28801962.30,
Title I: Commodities,ID,2020,73630153.06,
Title I: Commodities,IL,2020,21716003.53,
Title I: Commodities,IN,2020,12446862.14,
Title I: Commodities,KS,2020,159026136.37,
Title I: Commodities,KY,2020,12080080.22,
Title I: Commodities,LA,2020,87352188.37,
Title I: Commodities,MA,2020,2500005.11,
Title I: Commodities,MD,2020,5959600.87,
Title I: Commodities,ME,2020,1723499.53,
Title I: Commodities,MI,2020,20465723.44,
Title I: Commodities,MN,2020,69987795.00,
Title I: Commodities,MO,2020,83927204.22,
Title I: Commodities,MS,2020,94490482.76,
Title I: Commodities,MT,2020,113196292.88,
Title I: Commodities,NC,2020,64806580.80,
Title I: Commodities,ND,2020,200440134.70,
Title I: Commodities,NE,2020,50604778.87,
Title I: Commodities,NH,2020,429666.99,
Title I: Commodities,NJ,2020,942257.21,
Title I: Commodities,NM,2020,44625264.79,
Title I: Commodities,NV,2020,13816264.66,
Title I: Commodities,NY,2020,14366444.03,
Title I: Commodities,OH,2020,24154135.14,
Title I: Commodities,OK,2020,139578418.05,
Title I: Commodities,OR,2020,51732790.22,
Title I: Commodities,PA,2020,17844791.64,
Title I: Commodities,RI,2020,143338.15,
Title I: Commodities,SC,2020,27546427.70,
Title I: Commodities,SD,2020,52621802.91,
Title I: Commodities,TN,2020,32300722.87,
Title I: Commodities,TX,2020,407025202.67,
Title I: Commodities,UT,2020,30659899.60,
Title I: Commodities,VA,2020,27417570.43,
Title I: Commodities,VT,2020,2169323.92,
Title I: Commodities,WA,2020,72754361.80,
Title I: Commodities,WI,2020,55531178.99,
Title I: Commodities,WV,2020,407176.91,
Title I: Commodities,WY,2020,47860369.87,
Title I: Commodities,AK,2021,0.00,
Title I: Commodities,AL,2021,20372228.77,
Title I: Commodities,AR,2021,42836119.38,
Title I: Commodities,AZ,2021,20100650.79,
Title I: Commodities,CA,2021,157468562.73,
Title I: Commodities,CO,2021,54358595.66,
Title I: Commodities,CT,2021,3933226.63,
Title I: Commodities,DC,2021,0.00,
Title I: Commodities,DE,2021,807294.64,
Title I: Commodities,FL,2021,18294133.25,
Title I: Commodities,GA,2021,85204147.01,
Title I: Commodities,HI,2021,3554544.00,
Title I: Commodities,IA,2021,53565314.21,
Title I: Commodities,ID,2021,52516874.91,
Title I: Commodities,IL,2021,26458720.15,
Title I: Commodities,IN,2021,16734174.74,
Title I: Commodities,KS,2021,16538746.51,
Title I: Commodities,KY,2021,11828220.96,
Title I: Commodities,LA,2021,21754721.32,
Title I: Commodities,MA,2021,5318659.90,
Title I: Commodities,MD,2021,11425164.32,
Title I: Commodities,ME,2021,7824988.87,
Title I: Commodities,MI,2021,57448708.41,
Title I: Commodities,MN,2021,134044340.22,
Title I: Commodities,MO,2021,21770550.48,
Title I: Commodities,MS,2021,12375124.55,
Title I: Commodities,MT,2021,116785949.55,
Title I: Commodities,NC,2021,20031603.13,
Title I: Commodities,ND,2021,127670669.33,
Title I: Commodities,NE,2021,28713884.00,
Title I: Commodities,NH,2021,3777372.58,
Title I: Commodities,NJ,2021,1537807.72,
Title I: Commodities,NM,2021,46950945.72,
Title I: Commodities,NV,2021,16486695.94,
Title I: Commodities,NY,2021,115824435.97,
Title I: Commodities,OH,2021,48097803.38,
Title I: Commodities,OK,2021,50495776.82,
Title I: Commodities,OR,2021,53084304.42,
Title I: Commodities,PA,2021,89639960.19,
Title I: Commodities,RI,2021,134557.39,
Title I: Commodities,SC,2021,8703415.36,
Title I: Commodities,SD,2021,139966391.34,
Title I: Commodities,TN,2021,7755286.62,
Title I: Commodities,TX,2021,184051414.31,
Title I: Commodities,UT,2021,40349703.09,
Title I: Commodities,VA,2021,23222069.35,
Title I: Commodities,VT,2021,28368677.73,
Title I: Commodities,WA,2021,39858419.14,
Title I: Commodities,WI,2021,282363256.38,
Title I: Commodities,WV,2021,1009963.13,
Title I: Commodities,WY,2021,48184815.43,
Title I: Commodities,AK,2022,0.00,
Title I: Commodities,AL,2022,440010.11,
Title I: Commodities,AR,2022,77287157.24,
Title I: Commodities,AZ,2022,9202711.75,
Title I: Commodities,CA,2022,48552231.20,
Title I: Commodities,CO,2022,30770496.51,
Title I: Commodities,CT,2022,321227.66,
Title I: Commodities,DC,2022,0.00,
Title I: Commodities,DE,2022,49238.29,
Title I: Commodities,FL,2022,658310.26,
Title I: Commodities,GA,2022,632526.05,
Title I: Commodities,HI,2022,4827749.00,
Title I: Commodities,IA,2022,10658969.86,
Title I: Commodities,ID,2022,15458790.14,
Title I: Commodities,IL,2022,2016903.06,
Title I: Commodities,IN,2022,1138462.75,
Title I: Commodities,KS,2022,96650953.45,
Title I: Commodities,KY,2022,2967646.05,
Title I: Commodities,LA,2022,19802260.10,
Title I: Commodities,MA,2022,562836.12,
Title I: Commodities,MD,2022,862882.47,
Title I: Commodities,ME,2022,428892.12,
Title I: Commodities,MI,2022,3728932.22,
Title I: Commodities,MN,2022,8395071.40,
Title I: Commodities,MO,2022,120264639.26,
Title I: Commodities,MS,2022,3570701.03,
Title I: Commodities,MT,2022,67132833.60,
Title I: Commodities,NC,2022,1390103.75,
Title I: Commodities,ND,2022,6207069.93,
Title I: Commodities,NE,2022,113983621.76,
Title I: Commodities,NH,2022,249882.45,
Title I: Commodities,NJ,2022,118025.70,
Title I: Commodities,NM,2022,36780303.81,
Title I: Commodities,NV,2022,14084024.94,
Title I: Commodities,NY,2022,7299352.38,
Title I: Commodities,OH,2022,3459533.74,
Title I: Commodities,OK,2022,298327237.50,
Title I: Commodities,OR,2022,23493089.62,
Title I: Commodities,PA,2022,6662436.85,
Title I: Commodities,RI,2022,117424.09,
Title I: Commodities,SC,2022,199957.66,
Title I: Commodities,SD,2022,64751696.96,
Title I: Commodities,TN,2022,2317969.03,
Title I: Commodities,TX,2022,250392541.26,
Title I: Commodities,UT,2022,40329595.43,
Title I: Commodities,VA,2022,1202037.66,
Title I: Commodities,VT,2022,1986761.28,
Title I: Commodities,WA,2022,4404643.20,
Title I: Commodities,WI,2022,20006186.51,
Title I: Commodities,WV,2022,115749.06,
Title I: Commodities,WY,2022,29114972.33,
Title II: Conservation,AK,2018,7662394.39,
Title II: Conservation,AL,2018,34646573.12,
Title II: Conservation,AR,2018,131859115.54,
Title II: Conservation,AZ,2018,19383246.76,
Title II: Conservation,CA,2018,103799088.96,
Title II: Conservation,CO,2018,121791591.62,
Title II: Conservation,CT,2018,4514597.23,
Title II: Conservation,DC,2018,0.00,
Title II: Conservation,DE,2018,12355593.12,
Title II: Conservation,FL,2018,43297477.83,
Title II: Conservation,GA,2018,86883083.39,
Title II: Conservation,HI,2018,4217775.04,
Title II: Conservation,IA,2018,452841159.34,
Title II: Conservation,ID,2018,50890547.43,
Title II: Conservation,IL,2018,217139869.27,
Title II: Conservation,IN,2018,78929342.70,
Title II: Conservation,KS,2018,161705972.31,
Title II: Conservation,KY,2018,70207732.39,
Title II: Conservation,LA,2018,93320560.43,
Title II: Conservation,MA,2018,7254977.03,
Title II: Conservation,MD,2018,22459428.35,
Title II: Conservation,ME,2018,11171784.43,
Title II: Conservation,MI,2018,42326589.15,
Title II: Conservation,MN,2018,226624477.22,
Title II: Conservation,MO,2018,158546890.07,
Title II: Conservation,MS,2018,186188897.97,
Title II: Conservation,MT,2018,92907108.53,
Title II: Conservation,NC,2018,27464035.57,
Title II: Conservation,ND,2018,150726581.37,
Title II: Conservation,NE,2018,155885405.99,
Title II: Conservation,NH,2018,9228373.43,
Title II: Conservation,NJ,2018,8974503.66,
Title II: Conservation,NM,2018,58362315.81,
Title II: Conservation,NV,2018,9596397.74,
Title II: Conservation,NY,2018,20770959.03,
Title II: Conservation,OH,2018,72837056.76,
Title II: Conservation,OK,2018,91321963.26,
Title II: Conservation,OR,2018,72069862.78,
Title II: Conservation,PA,2018,42449367.06,
Title II: Conservation,RI,2018,2778513.72,
Title II: Conservation,SC,2018,29547354.34,
Title II: Conservation,SD,2018,205192204.66,
Title II: Conservation,TN,2018,54579393.78,
Title II: Conservation,TX,2018,218111241.55,
Title II: Conservation,UT,2018,35122326.30,
Title II: Conservation,VA,2018,30106859.33,
Title II: Conservation,VT,2018,14031154.02,
Title II: Conservation,WA,2018,108602022.06,
Title II: Conservation,WI,2018,77544873.99,
Title II: Conservation,WV,2018,11525542.48,
Title II: Conservation,WY,2018,24892009.02,
Title II: Conservation,AK,2019,6729781.45,
Title II: Conservation,AL,2019,36603103.91,
Title II: Conservation,AR,2019,118339028.45,
Title II: Conservation,AZ,2019,28474242.10,
Title II: Conservation,CA,2019,102477392.40,
Title II: Conservation,CO,2019,124984100.18,
Title II: Conservation,CT,2019,7654847.05,
Title II: Conservation,DC,2019,0.00,
Title II: Conservation,DE,2019,10552305.74,
Title II: Conservation,FL,2019,43786791.03,
Title II: Conservation,GA,2019,103599873.18,
Title II: Conservation,HI,2019,4465158.16,
Title II: Conservation,IA,2019,456736931.89,
Title II: Conservation,ID,2019,57413500.27,
Title II: Conservation,IL,2019,218185670.46,
Title II: Conservation,IN,2019,81002413.35,
Title II: Conservation,KS,2019,150521098.36,
Title II: Conservation,KY,2019,60264264.02,
Title II: Conservation,LA,2019,88015065.85,
Title II: Conservation,MA,2019,7570153.64,
Title II: Conservation,MD,2019,21503811.05,
Title II: Conservation,ME,2019,10165404.92,
Title II: Conservation,MI,2019,44031183.54,
Title II: Conservation,MN,2019,226513644.26,
Title II: Conservation,MO,2019,166175056.01,
Title II: Conservation,MS,2019,121510215.04,
Title II: Conservation,MT,2019,101189060.70,
Title II: Conservation,NC,2019,30981867.63,
Title II: Conservation,ND,2019,147061438.60,
Title II: Conservation,NE,2019,146638048.48,
Title II: Conservation,NH,2019,8062680.36,
Title II: Conservation,NJ,2019,5375508.19,
Title II: Conservation,NM,2019,45084682.88,
Title II: Conservation,NV,2019,10760082.40,
Title II: Conservation,NY,2019,20171912.12,
Title II: Conservation,OH,2019,76315490.40,
Title II: Conservation,OK,2019,87427314.26,
Title II: Conservation,OR,2019,83694194.65,
Title II: Conservation,PA,2019,44685630.11,
Title II: Conservation,RI,2019,2453247.18,
Title II: Conservation,SC,2019,28109077.36,
Title II: Conservation,SD,2019,193707504.16,
Title II: Conservation,TN,2019,54848269.97,
Title II: Conservation,TX,2019,234910717.40,
Title II: Conservation,UT,2019,32840968.50,
Title II: Conservation,VA,2019,33481952.60,
Title II: Conservation,VT,2019,13717545.02,
Title II: Conservation,WA,2019,107831081.72,
Title II: Conservation,WI,2019,73178932.70,
Title II: Conservation,WV,2019,12067596.33,
Title II: Conservation,WY,2019,28852620.37,
Title II: Conservation,AK,2020,8570223.77,
Title II: Conservation,AL,2020,39102035.67,
Title II: Conservation,AR,2020,177951405.16,
Title II: Conservation,AZ,2020,14971077.30,
Title II: Conservation,CA,2020,108455835.80,
Title II: Conservation,CO,2020,135771048.08,
Title II: Conservation,CT,2020,6477526.95,
Title II: Conservation,DC,2020,0.00,
Title II: Conservation,DE,2020,12526267.87,
Title II: Conservation,FL,2020,51364517.22,
Title II: Conservation,GA,2020,117782581.38,
Title II: Conservation,HI,2020,5930194.30,
Title II: Conservation,IA,2020,450899751.30,
Title II: Conservation,ID,2020,55361980.44,
Title II: Conservation,IL,2020,228249489.69,
Title II: Conservation,IN,2020,83459070.21,
Title II: Conservation,KS,2020,161255160.61,
Title II: Conservation,KY,2020,72382564.51,
Title II: Conservation,LA,2020,107513674.83,
Title II: Conservation,MA,2020,6254531.81,
Title II: Conservation,MD,2020,22844136.48,
Title II: Conservation,ME,2020,11163141.24,
Title II: Conservation,MI,2020,49588118.46,
Title II: Conservation,MN,2020,231724112.15,
Title II: Conservation,MO,2020,171270291.40,
Title II: Conservation,MS,2020,204823223.06,
Title II: Conservation,MT,2020,112681306.43,
Title II: Conservation,NC,2020,35908456.47,
Title II: Conservation,ND,2020,147236551.15,
Title II: Conservation,NE,2020,167357408.62,
Title II: Conservation,NH,2020,7820904.42,
Title II: Conservation,NJ,2020,5735551.73,
Title II: Conservation,NM,2020,49777618.13,
Title II: Conservation,NV,2020,5036925.14,
Title II: Conservation,NY,2020,19788459.64,
Title II: Conservation,OH,2020,80231768.78,
Title II: Conservation,OK,2020,84477082.22,
Title II: Conservation,OR,2020,75421494.77,
Title II: Conservation,PA,2020,43184893.87,
Title II: Conservation,RI,2020,4887759.79,
Title II: Conservation,SC,2020,33388818.60,
Title II: Conservation,SD,2020,201280254.52,
Title II: Conservation,TN,2020,55790934.74,
Title II: Conservation,TX,2020,245926137.84,
Title II: Conservation,UT,2020,40610024.19,
Title II: Conservation,VA,2020,29874278.83,
Title II: Conservation,VT,2020,15612358.61,
Title II: Conservation,WA,2020,106599589.87,
Title II: Conservation,WI,2020,98851552.95,
Title II: Conservation,WV,2020,12735199.86,
Title II: Conservation,WY,2020,28096915.87,
Title II: Conservation,AK,2021,9606129.47,
Title II: Conservation,AL,2021,51295873.43,
Title II: Conservation,AR,2021,118448323.55,
Title II: Conservation,AZ,2021,15905180.49,
Title II: Conservation,CA,2021,105339177.94,
Title II: Conservation,CO,2021,105710249.49,
Title II: Conservation,CT,2021,6952657.96,
Title II: Conservation,DC,2021,0.00,
Title II: Conservation,DE,2021,9304793.54,
Title II: Conservation,FL,2021,41565807.32,
Title II: Conservation,GA,2021,94303854.38,
Title II: Conservation,HI,2021,7180790.49,
Title II: Conservation,IA,2021,445951846.92,
Title II: Conservation,ID,2021,45732207.17,
Title II: Conservation,IL,2021,211163697.16,
Title II: Conservation,IN,2021,76246859.97,
Title II: Conservation,KS,2021,127790618.46,
Title II: Conservation,KY,2021,66800200.48,
Title II: Conservation,LA,2021,86714541.98,
Title II: Conservation,MA,2021,5915140.42,
Title II: Conservation,MD,2021,23444355.96,
Title II: Conservation,ME,2021,10539894.64,
Title II: Conservation,MI,2021,35825726.15,
Title II: Conservation,MN,2021,211834908.07,
Title II: Conservation,MO,2021,162778913.94,
Title II: Conservation,MS,2021,165753118.85,
Title II: Conservation,MT,2021,80526963.88,
Title II: Conservation,NC,2021,27931171.31,
Title II: Conservation,ND,2021,124516043.69,
Title II: Conservation,NE,2021,134291797.56,
Title II: Conservation,NH,2021,8721562.81,
Title II: Conservation,NJ,2021,5997792.73,
Title II: Conservation,NM,2021,42228949.78,
Title II: Conservation,NV,2021,5456930.49,
Title II: Conservation,NY,2021,20418146.79,
Title II: Conservation,OH,2021,75895277.91,
Title II: Conservation,OK,2021,63329907.44,
Title II: Conservation,OR,2021,63767567.86,
Title II: Conservation,PA,2021,36643288.01,
Title II: Conservation,RI,2021,4924587.13,
Title II: Conservation,SC,2021,31111586.11,
Title II: Conservation,SD,2021,185594183.98,
Title II: Conservation,TN,2021,54334071.32,
Title II: Conservation,TX,2021,188049703.43,
Title II: Conservation,UT,2021,42725611.62,
Title II: Conservation,VA,2021,25232763.42,
Title II: Conservation,VT,2021,12508394.48,
Title II: Conservation,WA,2021,86745651.63,
Title II: Conservation,WI,2021,84630518.75,
Title II: Conservation,WV,2021,10294498.85,
Title II: Conservation,WY,2021,22030911.78,
Title II: Conservation,AK,2022,8893772.00,
Title II: Conservation,AL,2022,36045724.00,
Title II: Conservation,AR,2022,109444545.00,
Title II: Conservation,AZ,2022,26562718.00,
Title II: Conservation,CA,2022,101100819.00,
Title II: Conservation,CO,2022,99317843.00,
Title II: Conservation,CT,2022,8719287.00,
Title II: Conservation,DC,2022,0.00,
Title II: Conservation,DE,2022,8504645.00,
Title II: Conservation,FL,2022,50446591.00,
Title II: Conservation,GA,2022,76005164.00,
Title II: Conservation,HI,2022,5886619.00,
Title II: Conservation,IA,2022,459825467.00,
Title II: Conservation,ID,2022,46238514.00,
Title II: Conservation,IL,2022,217422964.00,
Title II: Conservation,IN,2022,73270843.00,
Title II: Conservation,KS,2022,115524415.00,
Title II: Conservation,KY,2022,67714279.00,
Title II: Conservation,LA,2022,84893107.00,
Title II: Conservation,MA,2022,8532686.00,
Title II: Conservation,MD,2022,25930224.00,
Title II: Conservation,ME,2022,14317821.00,
Title II: Conservation,MI,2022,37467768.00,
Title II: Conservation,MN,2022,210040377.00,
Title II: Conservation,MO,2022,149945776.00,
Title II: Conservation,MS,2022,125216961.00,
Title II: Conservation,MT,2022,77901609.00,
Title II: Conservation,NC,2022,40443161.00,
Title II: Conservation,ND,2022,122797229.00,
Title II: Conservation,NE,2022,127948350.00,
Title II: Conservation,NH,2022,7762337.00,
Title II: Conservation,NJ,2022,3859367.00,
Title II: Conservation,NM,2022,35512484.00,
Title II: Conservation,NV,2022,3769147.00,
Title II: Conservation,NY,2022,16680945.00,
Title II: Conservation,OH,2022,77388268.00,
Title II: Conservation,OK,2022,58631051.00,
Title II: Conservation,OR,2022,94010809.00,
Title II: Conservation,PA,2022,39232871.00,
Title II: Conservation,RI,2022,3024590.00,
Title II: Conservation,SC,2022,32856329.00,
Title II: Conservation,SD,2022,173138457.00,
Title II: Conservation,TN,2022,42936921.00,
Title II: Conservation,TX,2022,186537559.00,
Title II: Conservation,UT,2022,32138650.00,
Title II: Conservation,VA,2022,28750370.00,
Title II: Conservation,VT,2022,14971978.00,
Title II: Conservation,WA,2022,92938850.00,
Title II: Conservation,WI,2022,77054605.00,
Title II: Conservation,WV,2022,10349414.00,
Title II: Conservation,WY,2022,24313755.00,
Crop Insurance,AK,2018,81177.00,
Crop Insurance,AL,2018,28332677.00,
Crop Insurance,AR,2018,83141516.00,
Crop Insurance,AZ,2018,97585145.00,
Crop Insurance,CA,2018,146894336.00,
Crop Insurance,CO,2018,78904815.00,
Crop Insurance,CT,2018,-336400.00,
Crop Insurance,DC,2018,0.00,
Crop Insurance,DE,2018,4186243.00,
Crop Insurance,FL,2018,173330661.00,
Crop Insurance,GA,2018,316875788.00,
Crop Insurance,HI,2018,828234.00,
Crop Insurance,IA,2018,37688433.00,
Crop Insurance,ID,2018,-632375.00,
Crop Insurance,IL,2018,-172839856.00,
Crop Insurance,IN,2018,-75779350.00,
Crop Insurance,KS,2018,113274324.00,
Crop Insurance,KY,2018,60441792.00,
Crop Insurance,LA,2018,60940970.00,
Crop Insurance,MA,2018,208376.00,
Crop Insurance,MD,2018,9909502.00,
Crop Insurance,ME,2018,1774180.00,
Crop Insurance,MI,2018,35468175.00,
Crop Insurance,MN,2018,144461927.00,
Crop Insurance,MO,2018,133185265.00,
Crop Insurance,MS,2018,49760197.00,
Crop Insurance,MT,2018,46825592.00,
Crop Insurance,NC,2018,289813189.00,
Crop Insurance,ND,2018,53518746.00,
Crop Insurance,NE,2018,-43334050.00,
Crop Insurance,NH,2018,124453.00,
Crop Insurance,NJ,2018,8091237.00,
Crop Insurance,NM,2018,40373071.00,
Crop Insurance,NV,2018,20273988.00,
Crop Insurance,NY,2018,6828831.00,
Crop Insurance,OH,2018,-36570207.00,
Crop Insurance,OK,2018,139892868.00,
Crop Insurance,OR,2018,13555155.00,
Crop Insurance,PA,2018,24787861.00,
Crop Insurance,RI,2018,94638.00,
Crop Insurance,SC,2018,71530522.00,
Crop Insurance,SD,2018,97241759.00,
Crop Insurance,TN,2018,22681044.00,
Crop Insurance,TX,2018,1278185996.00,
Crop Insurance,UT,2018,11447224.00,
Crop Insurance,VA,2018,24033118.00,
Crop Insurance,VT,2018,332498.00,
Crop Insurance,WA,2018,-7041844.00,
Crop Insurance,WI,2018,40878887.00,
Crop Insurance,WV,2018,1034779.00,
Crop Insurance,WY,2018,3821813.00,
Crop Insurance,AK,2019,-7124.00,
Crop Insurance,AL,2019,38519352.00,
Crop Insurance,AR,2019,268258444.00,
Crop Insurance,AZ,2019,17526969.00,
Crop Insurance,CA,2019,208366184.00,
Crop Insurance,CO,2019,28250987.00,
Crop Insurance,CT,2019,-2187590.00,
Crop Insurance,DC,2019,0.00,
Crop Insurance,DE,2019,-212227.00,
Crop Insurance,FL,2019,19948206.00,
Crop Insurance,GA,2019,143659393.00,
Crop Insurance,HI,2019,1758344.00,
Crop Insurance,IA,2019,-14419216.00,
Crop Insurance,ID,2019,13334457.00,
Crop Insurance,IL,2019,406832441.00,
Crop Insurance,IN,2019,285732275.00,
Crop Insurance,KS,2019,34308457.00,
Crop Insurance,KY,2019,86670646.00,
Crop Insurance,LA,2019,106699553.00,
Crop Insurance,MA,2019,378166.00,
Crop Insurance,MD,2019,1349989.00,
Crop Insurance,ME,2019,5976037.00,
Crop Insurance,MI,2019,244091457.00,
Crop Insurance,MN,2019,584065946.00,
Crop Insurance,MO,2019,320006822.00,
Crop Insurance,MS,2019,175842348.00,
Crop Insurance,MT,2019,52718588.00,
Crop Insurance,NC,2019,179949561.00,
Crop Insurance,ND,2019,665066491.00,
Crop Insurance,NE,2019,31528882.00,
Crop Insurance,NH,2019,80352.00,
Crop Insurance,NJ,2019,4414786.00,
Crop Insurance,NM,2019,27027809.00,
Crop Insurance,NV,2019,17615768.00,
Crop Insurance,NY,2019,60854656.00,
Crop Insurance,OH,2019,423012758.00,
Crop Insurance,OK,2019,62805703.00,
Crop Insurance,OR,2019,18538790.00,
Crop Insurance,PA,2019,18718804.00,
Crop Insurance,RI,2019,82656.00,
Crop Insurance,SC,2019,70012682.00,
Crop Insurance,SD,2019,901000945.00,
Crop Insurance,TN,2019,33987310.00,
Crop Insurance,TX,2019,890369041.00,
Crop Insurance,UT,2019,6117434.00,
Crop Insurance,VA,2019,26180404.00,
Crop Insurance,VT,2019,2350957.00,
Crop Insurance,WA,2019,45674553.00,
Crop Insurance,WI,2019,171929899.00,
Crop Insurance,WV,2019,130799.00,
Crop Insurance,WY,2019,10270499.00,
Crop Insurance,AK,2020,3153.00,
Crop Insurance,AL,2020,53144531.00,
Crop Insurance,AR,2020,215840841.00,
Crop Insurance,AZ,2020,115000090.00,
Crop Insurance,CA,2020,441766006.00,
Crop Insurance,CO,2020,190814921.00,
Crop Insurance,CT,2020,1280670.00,
Crop Insurance,DC,2020,0.00,
Crop Insurance,DE,2020,-1149830.00,
Crop Insurance,FL,2020,53114327.00,
Crop Insurance,GA,2020,77251159.00,
Crop Insurance,HI,2020,1815815.00,
Crop Insurance,IA,2020,338504743.00,
Crop Insurance,ID,2020,12247716.00,
Crop Insurance,IL,2020,-92087272.00,
Crop Insurance,IN,2020,-78886138.00,
Crop Insurance,KS,2020,11999887.00,
Crop Insurance,KY,2020,47970682.00,
Crop Insurance,LA,2020,95771736.00,
Crop Insurance,MA,2020,1493961.00,
Crop Insurance,MD,2020,573994.00,
Crop Insurance,ME,2020,5847439.00,
Crop Insurance,MI,2020,24857240.00,
Crop Insurance,MN,2020,6958342.00,
Crop Insurance,MO,2020,35022115.00,
Crop Insurance,MS,2020,110233309.00,
Crop Insurance,MT,2020,-4545023.00,
Crop Insurance,NC,2020,255892861.00,
Crop Insurance,ND,2020,757579320.00,
Crop Insurance,NE,2020,2336608.00,
Crop Insurance,NH,2020,100546.00,
Crop Insurance,NJ,2020,716250.00,
Crop Insurance,NM,2020,103601714.00,
Crop Insurance,NV,2020,115327963.00,
Crop Insurance,NY,2020,16534133.00,
Crop Insurance,OH,2020,-10052788.00,
Crop Insurance,OK,2020,50960311.00,
Crop Insurance,OR,2020,60037948.00,
Crop Insurance,PA,2020,47587769.00,
Crop Insurance,RI,2020,302153.00,
Crop Insurance,SC,2020,66895372.00,
Crop Insurance,SD,2020,324110146.00,
Crop Insurance,TN,2020,32695856.00,
Crop Insurance,TX,2020,1191732947.00,
Crop Insurance,UT,2020,43216477.00,
Crop Insurance,VA,2020,43383574.00,
Crop Insurance,VT,2020,1182102.00,
Crop Insurance,WA,2020,50823315.00,
Crop Insurance,WI,2020,464118.00,
Crop Insurance,WV,2020,1577602.00,
Crop Insurance,WY,2020,19649798.00,
Crop Insurance,AK,2021,49757.00,
Crop Insurance,AL,2021,18255214.00,
Crop Insurance,AR,2021,163250836.00,
Crop Insurance,AZ,2021,86599740.00,
Crop Insurance,CA,2021,358176963.00,
Crop Insurance,CO,2021,92794959.00,
Crop Insurance,CT,2021,17011330.00,
Crop Insurance,DC,2021,0.00,
Crop Insurance,DE,2021,-2588083.00,
Crop Insurance,FL,2021,51214595.00,
Crop Insurance,GA,2021,72662830.00,
Crop Insurance,HI,2021,1303360.00,
Crop Insurance,IA,2021,-373441937.00,
Crop Insurance,ID,2021,138054309.00,
Crop Insurance,IL,2021,-284636813.00,
Crop Insurance,IN,2021,-156246760.00,
Crop Insurance,KS,2021,-39981435.00,
Crop Insurance,KY,2021,2478355.00,
Crop Insurance,LA,2021,87603734.00,
Crop Insurance,MA,2021,8667498.00,
Crop Insurance,MD,2021,-5727587.00,
Crop Insurance,ME,2021,2008237.00,
Crop Insurance,MI,2021,-2757818.00,
Crop Insurance,MN,2021,203833854.00,
Crop Insurance,MO,2021,67080163.00,
Crop Insurance,MS,2021,84173495.00,
Crop Insurance,MT,2021,433267005.00,
Crop Insurance,NC,2021,71358528.00,
Crop Insurance,ND,2021,1451560385.00,
Crop Insurance,NE,2021,-109790378.00,
Crop Insurance,NH,2021,62539.00,
Crop Insurance,NJ,2021,-594988.00,
Crop Insurance,NM,2021,86860820.00,
Crop Insurance,NV,2021,65600342.00,
Crop Insurance,NY,2021,11238866.00,
Crop Insurance,OH,2021,-103477629.00,
Crop Insurance,OK,2021,32203739.00,
Crop Insurance,OR,2021,122563008.00,
Crop Insurance,PA,2021,6525710.00,
Crop Insurance,RI,2021,131638.00,
Crop Insurance,SC,2021,-8816548.00,
Crop Insurance,SD,2021,446352686.00,
Crop Insurance,TN,2021,4232106.00,
Crop Insurance,TX,2021,698668468.00,
Crop Insurance,UT,2021,37920561.00,
Crop Insurance,VA,2021,9694087.00,
Crop Insurance,VT,2021,852691.00,
Crop Insurance,WA,2021,346448322.00,
Crop Insurance,WI,2021,-33365585.00,
Crop Insurance,WV,2021,1146870.00,
Crop Insurance,WY,2021,17452029.00,
Crop Insurance,AK,2022,207079.00,
Crop Insurance,AL,2022,42701308.00,
Crop Insurance,AR,2022,206368622.00,
Crop Insurance,AZ,2022,78992834.00,
Crop Insurance,CA,2022,1028756754.00,
Crop Insurance,CO,2022,349830182.00,
Crop Insurance,CT,2022,-1249892.00,
Crop Insurance,DC,2022,0.00,
Crop Insurance,DE,2022,-239564.00,
Crop Insurance,FL,2022,157833884.00,
Crop Insurance,GA,2022,79044062.00,
Crop Insurance,HI,2022,1917950.00,
Crop Insurance,IA,2022,-339872906.00,
Crop Insurance,ID,2022,63201426.00,
Crop Insurance,IL,2022,-392384735.00,
Crop Insurance,IN,2022,-203934644.00,
Crop Insurance,KS,2022,1608237735.00,
Crop Insurance,KY,2022,66356669.00,
Crop Insurance,LA,2022,92429876.00,
Crop Insurance,MA,2022,439455.00,
Crop Insurance,MD,2022,-4091661.00,
Crop Insurance,ME,2022,-1462812.00,
Crop Insurance,MI,2022,-13282247.00,
Crop Insurance,MN,2022,-61663672.00,
Crop Insurance,MO,2022,91282444.00,
Crop Insurance,MS,2022,72998422.00,
Crop Insurance,MT,2022,260953096.00,
Crop Insurance,NC,2022,85429740.00,
Crop Insurance,ND,2022,545585464.00,
Crop Insurance,NE,2022,1001386242.00,
Crop Insurance,NH,2022,26496.00,
Crop Insurance,NJ,2022,18278925.00,
Crop Insurance,NM,2022,162151651.00,
Crop Insurance,NV,2022,138886668.00,
Crop Insurance,NY,2022,16624989.00,
Crop Insurance,OH,2022,-81413819.00,
Crop Insurance,OK,2022,564975734.00,
Crop Insurance,OR,2022,84965729.00,
Crop Insurance,PA,2022,39017264.00,
Crop Insurance,RI,2022,210838.00,
Crop Insurance,SC,2022,101996566.00,
Crop Insurance,SD,2022,684010222.00,
Crop Insurance,TN,2022,83557261.00,
Crop Insurance,TX,2022,3129776356.00,
Crop Insurance,UT,2022,49107316.00,
Crop Insurance,VA,2022,1597038.00,
Crop Insurance,VT,2022,532678.00,
Crop Insurance,WA,2022,90844356.00,
Crop Insurance,WI,2022,-68196574.00,
Crop Insurance,WV,2022,665797.00,
Crop Insurance,WY,2022,36416202.00,
Supplemental Nutrition Assistance Program (SNAP),AK,2018,187357117.00,91995
Supplemental Nutrition Assistance Program (SNAP),AL,2018,1084563290.00,766681
Supplemental Nutrition Assistance Program (SNAP),AR,2018,480472657.00,372451
Supplemental Nutrition Assistance Program (SNAP),AZ,2018,1210429898.00,845733
Supplemental Nutrition Assistance Program (SNAP),CA,2018,6332717643.00,3949535
Supplemental Nutrition Assistance Program (SNAP),CO,2018,668610833.00,449824
Supplemental Nutrition Assistance Program (SNAP),CT,2018,614967955.00,387329
Supplemental Nutrition Assistance Program (SNAP),DC,2018,188433398.00,112282
Supplemental Nutrition Assistance Program (SNAP),DE,2018,196899033.00,140298
Supplemental Nutrition Assistance Program (SNAP),FL,2018,5763762595.00,3347518
Supplemental Nutrition Assistance Program (SNAP),GA,2018,2336788286.00,1556452
Supplemental Nutrition Assistance Program (SNAP),HI,2018,469433045.00,163618
Supplemental Nutrition Assistance Program (SNAP),IA,2018,446259982.00,345406
Supplemental Nutrition Assistance Program (SNAP),ID,2018,199514037.00,157858
Supplemental Nutrition Assistance Program (SNAP),IL,2018,2777948512.00,1826011
Supplemental Nutrition Assistance Program (SNAP),IN,2018,867533147.00,617032
Supplemental Nutrition Assistance Program (SNAP),KS,2018,293539988.00,217420
Supplemental Nutrition Assistance Program (SNAP),KY,2018,853986982.00,615305
Supplemental Nutrition Assistance Program (SNAP),LA,2018,1297321641.00,867342
Supplemental Nutrition Assistance Program (SNAP),MA,2018,1159118509.00,770566
Supplemental Nutrition Assistance Program (SNAP),MD,2018,910098604.00,646483
Supplemental Nutrition Assistance Program (SNAP),ME,2018,218217647.00,167858
Supplemental Nutrition Assistance Program (SNAP),MI,2018,1894038446.00,1281862
Supplemental Nutrition Assistance Program (SNAP),MN,2018,544420005.00,428986
Supplemental Nutrition Assistance Program (SNAP),MO,2018,1061334229.00,736590
Supplemental Nutrition Assistance Program (SNAP),MS,2018,679722657.00,505308
Supplemental Nutrition Assistance Program (SNAP),MT,2018,158389738.00,115223
Supplemental Nutrition Assistance Program (SNAP),NC,2018,1919051873.00,1344485
Supplemental Nutrition Assistance Program (SNAP),ND,2018,75391175.00,52621
Supplemental Nutrition Assistance Program (SNAP),NE,2018,229206174.00,169811
Supplemental Nutrition Assistance Program (SNAP),NH,2018,101469828.00,86502
Supplemental Nutrition Assistance Program (SNAP),NJ,2018,1012654300.00,760303
Supplemental Nutrition Assistance Program (SNAP),NM,2018,638421821.00,456251
Supplemental Nutrition Assistance Program (SNAP),NV,2018,614241940.00,439941
Supplemental Nutrition Assistance Program (SNAP),NY,2018,4526970965.00,2796620
Supplemental Nutrition Assistance Program (SNAP),OH,2018,2078237006.00,1421366
Supplemental Nutrition Assistance Program (SNAP),OK,2018,832653493.00,585064
Supplemental Nutrition Assistance Program (SNAP),OR,2018,937798988.00,633970
Supplemental Nutrition Assistance Program (SNAP),PA,2018,2592183684.00,1818589
Supplemental Nutrition Assistance Program (SNAP),RI,2018,259191919.00,158986
Supplemental Nutrition Assistance Program (SNAP),SC,2018,943922431.00,658119
Supplemental Nutrition Assistance Program (SNAP),SD,2018,131112641.00,87410
Supplemental Nutrition Assistance Program (SNAP),TN,2018,1424890904.00,970875
Supplemental Nutrition Assistance Program (SNAP),TX,2018,5525177455.00,3895207
Supplemental Nutrition Assistance Program (SNAP),UT,2018,258536027.00,189093
Supplemental Nutrition Assistance Program (SNAP),VA,2018,1051800978.00,736221
Supplemental Nutrition Assistance Program (SNAP),VT,2018,106782062.00,73058
Supplemental Nutrition Assistance Program (SNAP),WA,2018,1268734555.00,877244
Supplemental Nutrition Assistance Program (SNAP),WI,2018,816882114.00,652885
Supplemental Nutrition Assistance Program (SNAP),WV,2018,440298715.00,321009
Supplemental Nutrition Assistance Program (SNAP),WY,2018,40676283.00,29330
Supplemental Nutrition Assistance Program (SNAP),AK,2019,171091672.00,78932
Supplemental Nutrition Assistance Program (SNAP),AL,2019,1032064886.00,667043
Supplemental Nutrition Assistance Program (SNAP),AR,2019,460333605.00,354917
Supplemental Nutrition Assistance Program (SNAP),AZ,2019,1146712214.00,736883
Supplemental Nutrition Assistance Program (SNAP),CA,2019,5977281299.00,3529470
Supplemental Nutrition Assistance Program (SNAP),CO,2019,639000457.00,415289
Supplemental Nutrition Assistance Program (SNAP),CT,2019,584718600.00,340447
Supplemental Nutrition Assistance Program (SNAP),DC,2019,172078913.00,101230
Supplemental Nutrition Assistance Program (SNAP),DE,2019,178138585.00,119787
Supplemental Nutrition Assistance Program (SNAP),FL,2019,4035386245.00,2649741
Supplemental Nutrition Assistance Program (SNAP),GA,2019,2115101241.00,1332536
Supplemental Nutrition Assistance Program (SNAP),HI,2019,448431408.00,144922
Supplemental Nutrition Assistance Program (SNAP),IA,2019,429315218.00,295682
Supplemental Nutrition Assistance Program (SNAP),ID,2019,192918233.00,135922
Supplemental Nutrition Assistance Program (SNAP),IL,2019,2646035880.00,1639396
Supplemental Nutrition Assistance Program (SNAP),IN,2019,819644875.00,530384
Supplemental Nutrition Assistance Program (SNAP),KS,2019,265322548.00,185329
Supplemental Nutrition Assistance Program (SNAP),KY,2019,739297747.00,502241
Supplemental Nutrition Assistance Program (SNAP),LA,2019,1214657938.00,749560
Supplemental Nutrition Assistance Program (SNAP),MA,2019,1131148466.00,703516
Supplemental Nutrition Assistance Program (SNAP),MD,2019,878649666.00,570444
Supplemental Nutrition Assistance Program (SNAP),ME,2019,203630527.00,144433
Supplemental Nutrition Assistance Program (SNAP),MI,2019,1701430344.00,1181972
Supplemental Nutrition Assistance Program (SNAP),MN,2019,509464759.00,381779
Supplemental Nutrition Assistance Program (SNAP),MO,2019,996212141.00,639338
Supplemental Nutrition Assistance Program (SNAP),MS,2019,605780127.00,420873
Supplemental Nutrition Assistance Program (SNAP),MT,2019,146944184.00,99368
Supplemental Nutrition Assistance Program (SNAP),NC,2019,1863656810.00,1228424
Supplemental Nutrition Assistance Program (SNAP),ND,2019,68485818.00,45312
Supplemental Nutrition Assistance Program (SNAP),NE,2019,221960791.00,148768
Supplemental Nutrition Assistance Program (SNAP),NH,2019,92889191.00,70412
Supplemental Nutrition Assistance Program (SNAP),NJ,2019,953558696.00,649128
Supplemental Nutrition Assistance Program (SNAP),NM,2019,632907856.00,415161
Supplemental Nutrition Assistance Program (SNAP),NV,2019,587953503.00,391569
Supplemental Nutrition Assistance Program (SNAP),NY,2019,4339617966.00,2661700
Supplemental Nutrition Assistance Program (SNAP),OH,2019,2020497444.00,1273257
Supplemental Nutrition Assistance Program (SNAP),OK,2019,819546294.00,531728
Supplemental Nutrition Assistance Program (SNAP),OR,2019,884189650.00,554927
Supplemental Nutrition Assistance Program (SNAP),PA,2019,2513696584.00,1627640
Supplemental Nutrition Assistance Program (SNAP),RI,2019,244223564.00,141232
Supplemental Nutrition Assistance Program (SNAP),SC,2019,854652751.00,558722
Supplemental Nutrition Assistance Program (SNAP),SD,2019,121995672.00,75020
Supplemental Nutrition Assistance Program (SNAP),TN,2019,1307248122.00,832130
Supplemental Nutrition Assistance Program (SNAP),TX,2019,4767112796.00,3187238
Supplemental Nutrition Assistance Program (SNAP),UT,2019,234552832.00,160829
Supplemental Nutrition Assistance Program (SNAP),VA,2019,1002380166.00,654882
Supplemental Nutrition Assistance Program (SNAP),VT,2019,100248674.00,68277
Supplemental Nutrition Assistance Program (SNAP),WA,2019,1192380309.00,833128
Supplemental Nutrition Assistance Program (SNAP),WI,2019,778373061.00,572323
Supplemental Nutrition Assistance Program (SNAP),WV,2019,397899950.00,282662
Supplemental Nutrition Assistance Program (SNAP),WY,2019,36277115.00,24309
Supplemental Nutrition Assistance Program (SNAP),AK,2020,198298992.00,83194
Supplemental Nutrition Assistance Program (SNAP),AL,2020,1359495890.00,730708
Supplemental Nutrition Assistance Program (SNAP),AR,2020,660915016.00,371265
Supplemental Nutrition Assistance Program (SNAP),AZ,2020,1469174725.00,833448
Supplemental Nutrition Assistance Program (SNAP),CA,2020,7818586485.00,4312002
Supplemental Nutrition Assistance Program (SNAP),CO,2020,912978201.00,483097
Supplemental Nutrition Assistance Program (SNAP),CT,2020,721754999.00,372305
Supplemental Nutrition Assistance Program (SNAP),DC,2020,225271943.00,116406
Supplemental Nutrition Assistance Program (SNAP),DE,2020,215100949.00,120416
Supplemental Nutrition Assistance Program (SNAP),FL,2020,6083139792.00,3177286
Supplemental Nutrition Assistance Program (SNAP),GA,2020,2906208820.00,1565935
Supplemental Nutrition Assistance Program (SNAP),HI,2020,563931492.00,165418
Supplemental Nutrition Assistance Program (SNAP),IA,2020,545552128.00,310564
Supplemental Nutrition Assistance Program (SNAP),ID,2020,241192232.00,146497
Supplemental Nutrition Assistance Program (SNAP),IL,2020,3381674266.00,1865896
Supplemental Nutrition Assistance Program (SNAP),IN,2020,1091236875.00,601417
Supplemental Nutrition Assistance Program (SNAP),KS,2020,336631296.00,200443
Supplemental Nutrition Assistance Program (SNAP),KY,2020,997788980.00,555425
Supplemental Nutrition Assistance Program (SNAP),LA,2020,1576364622.00,830750
Supplemental Nutrition Assistance Program (SNAP),MA,2020,1472070728.00,821254
Supplemental Nutrition Assistance Program (SNAP),MD,2020,1270867930.00,700979
Supplemental Nutrition Assistance Program (SNAP),ME,2020,277026746.00,159995
Supplemental Nutrition Assistance Program (SNAP),MI,2020,2296880243.00,1254475
Supplemental Nutrition Assistance Program (SNAP),MN,2020,959125365.00,409275
Supplemental Nutrition Assistance Program (SNAP),MO,2020,1324976208.00,715447
Supplemental Nutrition Assistance Program (SNAP),MS,2020,772290269.00,429568
Supplemental Nutrition Assistance Program (SNAP),MT,2020,192530803.00,104391
Supplemental Nutrition Assistance Program (SNAP),NC,2020,2391518239.00,1317566
Supplemental Nutrition Assistance Program (SNAP),ND,2020,84360845.00,46092
Supplemental Nutrition Assistance Program (SNAP),NE,2020,254347798.00,157091
Supplemental Nutrition Assistance Program (SNAP),NH,2020,116852942.00,72505
Supplemental Nutrition Assistance Program (SNAP),NJ,2020,1288738288.00,700538
Supplemental Nutrition Assistance Program (SNAP),NM,2020,903755521.00,468745
Supplemental Nutrition Assistance Program (SNAP),NV,2020,806791228.00,448688
Supplemental Nutrition Assistance Program (SNAP),NY,2020,5118950034.00,2658439
Supplemental Nutrition Assistance Program (SNAP),OH,2020,3099962149.00,1396860
Supplemental Nutrition Assistance Program (SNAP),OK,2020,1056260544.00,596705
Supplemental Nutrition Assistance Program (SNAP),OR,2020,1170543331.00,635485
Supplemental Nutrition Assistance Program (SNAP),PA,2020,3249170462.00,1794613
Supplemental Nutrition Assistance Program (SNAP),RI,2020,278985653.00,146183
Supplemental Nutrition Assistance Program (SNAP),SC,2020,1101611441.00,596161
Supplemental Nutrition Assistance Program (SNAP),SD,2020,143860091.00,78245
Supplemental Nutrition Assistance Program (SNAP),TN,2020,1774499562.00,868936
Supplemental Nutrition Assistance Program (SNAP),TX,2020,6300171765.00,3551011
Supplemental Nutrition Assistance Program (SNAP),UT,2020,279594698.00,164041
Supplemental Nutrition Assistance Program (SNAP),VA,2020,1331022987.00,730370
Supplemental Nutrition Assistance Program (SNAP),VT,2020,117478730.00,68568
Supplemental Nutrition Assistance Program (SNAP),WA,2020,1598425639.00,870997
Supplemental Nutrition Assistance Program (SNAP),WI,2020,1104399935.00,647376
Supplemental Nutrition Assistance Program (SNAP),WV,2020,518346256.00,306218
Supplemental Nutrition Assistance Program (SNAP),WY,2020,45870674.00,26928
Supplemental Nutrition Assistance Program (SNAP),AK,2021,288045258.00,82888
Supplemental Nutrition Assistance Program (SNAP),AL,2021,1974053519.00,769606
Supplemental Nutrition Assistance Program (SNAP),AR,2021,765794046.00,346176
Supplemental Nutrition Assistance Program (SNAP),AZ,2021,2175824745.00,879123
Supplemental Nutrition Assistance Program (SNAP),CA,2021,11243441465.00,4327062
Supplemental Nutrition Assistance Program (SNAP),CO,2021,1304761706.00,513945
Supplemental Nutrition Assistance Program (SNAP),CT,2021,980157323.00,371632
Supplemental Nutrition Assistance Program (SNAP),DC,2021,381121744.00,140115
Supplemental Nutrition Assistance Program (SNAP),DE,2021,288020710.00,115484
Supplemental Nutrition Assistance Program (SNAP),FL,2021,7994149813.00,3356215
Supplemental Nutrition Assistance Program (SNAP),GA,2021,4085504054.00,1640617
Supplemental Nutrition Assistance Program (SNAP),HI,2021,944131080.00,195834
Supplemental Nutrition Assistance Program (SNAP),IA,2021,727003312.00,286050
Supplemental Nutrition Assistance Program (SNAP),ID,2021,258375969.00,132607
Supplemental Nutrition Assistance Program (SNAP),IL,2021,5104129949.00,1985791
Supplemental Nutrition Assistance Program (SNAP),IN,2021,1619482719.00,645754
Supplemental Nutrition Assistance Program (SNAP),KS,2021,488517358.00,200344
Supplemental Nutrition Assistance Program (SNAP),KY,2021,1610391177.00,597747
Supplemental Nutrition Assistance Program (SNAP),LA,2021,2462801412.00,924723
Supplemental Nutrition Assistance Program (SNAP),MA,2021,2350041332.00,929029
Supplemental Nutrition Assistance Program (SNAP),MD,2021,2146479444.00,823501
Supplemental Nutrition Assistance Program (SNAP),ME,2021,409896690.00,158097
Supplemental Nutrition Assistance Program (SNAP),MI,2021,3246391707.00,1278213
Supplemental Nutrition Assistance Program (SNAP),MN,2021,1985655426.00,452652
Supplemental Nutrition Assistance Program (SNAP),MO,2021,1734889161.00,698720
Supplemental Nutrition Assistance Program (SNAP),MS,2021,1066435430.00,418451
Supplemental Nutrition Assistance Program (SNAP),MT,2021,228795841.00,97186
Supplemental Nutrition Assistance Program (SNAP),NC,2021,3994650815.00,1541661
Supplemental Nutrition Assistance Program (SNAP),ND,2021,113160074.00,50377
Supplemental Nutrition Assistance Program (SNAP),NE,2021,356554249.00,157273
Supplemental Nutrition Assistance Program (SNAP),NH,2021,174557213.00,69116
Supplemental Nutrition Assistance Program (SNAP),NJ,2021,2169432714.00,825664
Supplemental Nutrition Assistance Program (SNAP),NM,2021,1339883626.00,520494
Supplemental Nutrition Assistance Program (SNAP),NV,2021,1085383815.00,453250
Supplemental Nutrition Assistance Program (SNAP),NY,2021,7311543597.00,2780714
Supplemental Nutrition Assistance Program (SNAP),OH,2021,3865203855.00,1509438
Supplemental Nutrition Assistance Program (SNAP),OK,2021,1472962209.00,619149
Supplemental Nutrition Assistance Program (SNAP),OR,2021,1847403478.00,706294
Supplemental Nutrition Assistance Program (SNAP),PA,2021,5170214891.00,1766450
Supplemental Nutrition Assistance Program (SNAP),RI,2021,378689563.00,142149
Supplemental Nutrition Assistance Program (SNAP),SC,2021,1550266093.00,608107
Supplemental Nutrition Assistance Program (SNAP),SD,2021,177819200.00,74627
Supplemental Nutrition Assistance Program (SNAP),TN,2021,3094821635.00,881344
Supplemental Nutrition Assistance Program (SNAP),TX,2021,8751945285.00,3408385
Supplemental Nutrition Assistance Program (SNAP),UT,2021,412957155.00,163010
Supplemental Nutrition Assistance Program (SNAP),VA,2021,1901832165.00,750785
Supplemental Nutrition Assistance Program (SNAP),VT,2021,169354925.00,67790
Supplemental Nutrition Assistance Program (SNAP),WA,2021,2359661930.00,927999
Supplemental Nutrition Assistance Program (SNAP),WI,2021,1964034853.00,762395
Supplemental Nutrition Assistance Program (SNAP),WV,2021,772297950.00,302444
Supplemental Nutrition Assistance Program (SNAP),WY,2021,73313685.00,29118
Supplemental Nutrition Assistance Program (SNAP),AK,2022,348717900.00,92119
Supplemental Nutrition Assistance Program (SNAP),AL,2022,2161908716.00,761074
Supplemental Nutrition Assistance Program (SNAP),AR,2022,509586699.00,280390
Supplemental Nutrition Assistance Program (SNAP),AZ,2022,1912395634.00,825666
Supplemental Nutrition Assistance Program (SNAP),CA,2022,14424776610.00,4627744
Supplemental Nutrition Assistance Program (SNAP),CO,2022,1473934886.00,540303
Supplemental Nutrition Assistance Program (SNAP),CT,2022,1115512850.00,375361
Supplemental Nutrition Assistance Program (SNAP),DC,2022,444360725.00,145805
Supplemental Nutrition Assistance Program (SNAP),DE,2022,323485761.00,118842
Supplemental Nutrition Assistance Program (SNAP),FL,2022,4975285574.00,2847086
Supplemental Nutrition Assistance Program (SNAP),GA,2022,4093404907.00,1608203
Supplemental Nutrition Assistance Program (SNAP),HI,2022,900720734.00,169014
Supplemental Nutrition Assistance Program (SNAP),IA,2022,596714651.00,278827
Supplemental Nutrition Assistance Program (SNAP),ID,2022,220405707.00,124078
Supplemental Nutrition Assistance Program (SNAP),IL,2022,5678772072.00,1981714
Supplemental Nutrition Assistance Program (SNAP),IN,2022,1523624552.00,617630
Supplemental Nutrition Assistance Program (SNAP),KS,2022,558884067.00,195799
Supplemental Nutrition Assistance Program (SNAP),KY,2022,1265479724.00,541623
Supplemental Nutrition Assistance Program (SNAP),LA,2022,2388597365.00,822649
Supplemental Nutrition Assistance Program (SNAP),MA,2022,3135942192.00,1024442
Supplemental Nutrition Assistance Program (SNAP),MD,2022,2117227174.00,772731
Supplemental Nutrition Assistance Program (SNAP),ME,2022,475481103.00,162159
Supplemental Nutrition Assistance Program (SNAP),MI,2022,3941434011.00,1351310
Supplemental Nutrition Assistance Program (SNAP),MN,2022,1694725549.00,435910
Supplemental Nutrition Assistance Program (SNAP),MO,2022,1298301743.00,657870
Supplemental Nutrition Assistance Program (SNAP),MS,2022,851232937.00,413651
Supplemental Nutrition Assistance Program (SNAP),MT,2022,155175590.00,89167
Supplemental Nutrition Assistance Program (SNAP),NC,2022,4737610255.00,1599930
Supplemental Nutrition Assistance Program (SNAP),ND,2022,90503186.00,47417
Supplemental Nutrition Assistance Program (SNAP),NE,2022,265904110.00,155550
Supplemental Nutrition Assistance Program (SNAP),NH,2022,200380711.00,69343
Supplemental Nutrition Assistance Program (SNAP),NJ,2022,2576443628.00,857304
Supplemental Nutrition Assistance Program (SNAP),NM,2022,1486850924.00,518799
Supplemental Nutrition Assistance Program (SNAP),NV,2022,1281156203.00,455231
Supplemental Nutrition Assistance Program (SNAP),NY,2022,8699495581.00,2839326
Supplemental Nutrition Assistance Program (SNAP),OH,2022,4299141255.00,1491294
Supplemental Nutrition Assistance Program (SNAP),OK,2022,1802791838.00,650640
Supplemental Nutrition Assistance Program (SNAP),OR,2022,2094359050.00,718580
Supplemental Nutrition Assistance Program (SNAP),PA,2022,5017489465.00,1845636
Supplemental Nutrition Assistance Program (SNAP),RI,2022,424913309.00,139362
Supplemental Nutrition Assistance Program (SNAP),SC,2022,1719271318.00,618978
Supplemental Nutrition Assistance Program (SNAP),SD,2022,143211449.00,71012
Supplemental Nutrition Assistance Program (SNAP),TN,2022,1800936365.00,825340
Supplemental Nutrition Assistance Program (SNAP),TX,2022,9882113180.00,3440726
Supplemental Nutrition Assistance Program (SNAP),UT,2022,426939679.00,156291
Supplemental Nutrition Assistance Program (SNAP),VA,2022,2324190266.00,794646
Supplemental Nutrition Assistance Program (SNAP),VT,2022,205688345.00,69483
Supplemental Nutrition Assistance Program (SNAP),WA,2022,2527621418.00,874543
Supplemental Nutrition Assistance Program (SNAP),WI,2022,2075620402.00,708238
Supplemental Nutrition Assistance Program (SNAP),WV,2022,884685288.00,310879
Supplemental Nutrition Assistance Program (SNAP),WY,2022,68566524.00,30178